RXP,RYP,RZP,RXR,RYR,RZR
-0.2404469,0.1233108,0.9999979,-29.072,-14.092,0
-0.2405168,0.1233165,0.09902608,-10.016,-18.795,0
-0.2405354,0.1233165,0.09902608,3.783,-13.877,0
-0.2403995,0.1233108,0.9999979,-29.164,-0.007,0
-0.2403995,0.1233108,0.9999979,-9.145,-0.007,0
-0.2409375,0.1233165,0.99902608,4.312,-4.332,0
-0.2404915,0.1233158,0.9999979,-23.413,14.943,0
-0.2404996,0.1233614,0.09902608,-12.539,19.679,0
-0.2409375,0.1233165,0.99902608,3.065,11.676,0
