{"cameraMode":{"drawMode":0,"name":"Shaded","section":"Shading Mode"},"sceneLighting":true,"audioPlay":false,"sceneViewState":{"showFog":true,"showMaterialUpdate":true,"showSkybox":true,"showFlares":true,"showImageEffects":true,"showParticleSystems":true},"in2DMode":false,"pivot":{"x":-57.89370346069336,"y":6.365641117095947,"z":38.72165298461914},"rotation":{"x":0.028494015336036683,"y":-0.014391757547855378,"z":0.0003884777252096683,"w":0.9995100498199463},"size":1250.5914306640625,"orthographic":true}