{"cameraMode":{"drawMode":0,"name":"Shaded","section":"Shading Mode"},"sceneLighting":true,"audioPlay":false,"sceneViewState":{"showFog":true,"showMaterialUpdate":false,"showSkybox":true,"showFlares":true,"showImageEffects":true,"showParticleSystems":true},"in2DMode":false,"pivot":{"x":0.12299588322639466,"y":0.017089486122131349,"z":-9.293704986572266},"rotation":{"x":0.14423564076423646,"y":-0.10075028240680695,"z":0.014759871177375317,"w":0.9843038320541382},"size":22.0,"orthographic":false}